{"mean":{"confidence_interval":{"confidence_level":0.95,"lower_bound":0.029445724765059876,"upper_bound":0.04898071797094047},"point_estimate":0.03861236350676234,"standard_error":0.004988197804847135},"median":{"confidence_interval":{"confidence_level":0.95,"lower_bound":0.022293933470803662,"upper_bound":0.03892746051778717},"point_estimate":0.03078413473756547,"standard_error":0.004247401146965}}