{"mean":{"confidence_interval":{"confidence_level":0.95,"lower_bound":-0.06924613599339963,"upper_bound":-0.06155479246229475},"point_estimate":-0.06550663996790895,"standard_error":0.0019365898839856254},"median":{"confidence_interval":{"confidence_level":0.95,"lower_bound":-0.06739233874147921,"upper_bound":-0.0630119935033372},"point_estimate":-0.06567493957296111,"standard_error":0.001096238987141468}}