{"mean":{"confidence_interval":{"confidence_level":0.95,"lower_bound":-0.003800687049678955,"upper_bound":0.004041236517757524},"point_estimate":0.0001588571192858712,"standard_error":0.0019949322390147807},"median":{"confidence_interval":{"confidence_level":0.95,"lower_bound":-0.0027172730869428063,"upper_bound":0.0029490160194827197},"point_estimate":0.00045889260908626994,"standard_error":0.0014672164278865952}}