{"mean":{"confidence_interval":{"confidence_level":0.95,"lower_bound":1767263.587262697,"upper_bound":1864621.620625748},"point_estimate":1813798.0885509,"standard_error":24926.808807128073},"median":{"confidence_interval":{"confidence_level":0.95,"lower_bound":1688070.423076923,"upper_bound":1739837.7019919623},"point_estimate":1709908.5822222224,"standard_error":17194.852260476324},"median_abs_dev":{"confidence_interval":{"confidence_level":0.95,"lower_bound":74592.21102507546,"upper_bound":154575.72261935912},"point_estimate":111397.13445085198,"standard_error":19599.962422143002},"slope":{"confidence_interval":{"confidence_level":0.95,"lower_bound":1717061.328738891,"upper_bound":1796719.4038687884},"point_estimate":1752332.1963794888,"standard_error":20380.952196076818},"std_dev":{"confidence_interval":{"confidence_level":0.95,"lower_bound":190628.68790848588,"upper_bound":302547.08020329155},"point_estimate":250872.91315468846,"standard_error":28577.91661995035}}