{"mean":{"confidence_interval":{"confidence_level":0.95,"lower_bound":-0.13655247708944662,"upper_bound":-0.0997107109480466},"point_estimate":-0.11789137866829436,"standard_error":0.009375582008088076},"median":{"confidence_interval":{"confidence_level":0.95,"lower_bound":-0.11990463634017312,"upper_bound":-0.09216921011307933},"point_estimate":-0.10559847313643711,"standard_error":0.007631043821907143}}