{"mean":{"confidence_interval":{"confidence_level":0.95,"lower_bound":0.07473926335515158,"upper_bound":0.18251893704789926},"point_estimate":0.1287005233965932,"standard_error":0.027713302196494868},"median":{"confidence_interval":{"confidence_level":0.95,"lower_bound":-0.002018912170082099,"upper_bound":0.097108555266688},"point_estimate":0.04040527286700524,"standard_error":0.024688736064501213}}