{"mean":{"confidence_interval":{"confidence_level":0.95,"lower_bound":-0.056521060143603176,"upper_bound":-0.0425333643536298},"point_estimate":-0.04980780542972729,"standard_error":0.0035857827210965996},"median":{"confidence_interval":{"confidence_level":0.95,"lower_bound":-0.06332692517439653,"upper_bound":-0.05066312592263167},"point_estimate":-0.056960183726196045,"standard_error":0.003279186165661954}}