{"mean":{"confidence_interval":{"confidence_level":0.95,"lower_bound":-0.08574329757378357,"upper_bound":-0.07644419260559092},"point_estimate":-0.08096969696934098,"standard_error":0.0024005321377241354},"median":{"confidence_interval":{"confidence_level":0.95,"lower_bound":-0.09022305786589258,"upper_bound":-0.08330942019007809},"point_estimate":-0.0870134552587446,"standard_error":0.0017168130101500696}}