{"mean":{"confidence_interval":{"confidence_level":0.95,"lower_bound":-0.07438458413067416,"upper_bound":-0.052735081694437004},"point_estimate":-0.06260408781870042,"standard_error":0.005528943096700737},"median":{"confidence_interval":{"confidence_level":0.95,"lower_bound":-0.057740660210397206,"upper_bound":-0.04636610408311459},"point_estimate":-0.05316791822314704,"standard_error":0.003044155790739446}}