{"mean":{"confidence_interval":{"confidence_level":0.95,"lower_bound":0.09623872953964824,"upper_bound":0.1216453332936663},"point_estimate":0.10821370968294763,"standard_error":0.006607010682178597},"median":{"confidence_interval":{"confidence_level":0.95,"lower_bound":0.07983463309234651,"upper_bound":0.09456652356654249},"point_estimate":0.08737517000831074,"standard_error":0.003816062628199996}}