{"mean":{"confidence_interval":{"confidence_level":0.95,"lower_bound":0.0375841561372615,"upper_bound":0.0661525115605196},"point_estimate":0.05220267499396125,"standard_error":0.00724277014066054},"median":{"confidence_interval":{"confidence_level":0.95,"lower_bound":0.033535897907063905,"upper_bound":0.0575501816611419},"point_estimate":0.04689976125208828,"standard_error":0.005892545377419337}}