{"mean":{"confidence_interval":{"confidence_level":0.95,"lower_bound":-0.08778015499401126,"upper_bound":-0.05268036657002455},"point_estimate":-0.06936797456900035,"standard_error":0.008957027009059098},"median":{"confidence_interval":{"confidence_level":0.95,"lower_bound":-0.046774438588274125,"upper_bound":-0.03313186787386824},"point_estimate":-0.039752741508343736,"standard_error":0.003356014034911896}}