{"mean":{"confidence_interval":{"confidence_level":0.95,"lower_bound":-0.03549223546669491,"upper_bound":-0.016343832474713507},"point_estimate":-0.026018148343371017,"standard_error":0.004869799909213566},"median":{"confidence_interval":{"confidence_level":0.95,"lower_bound":-0.05869950088084963,"upper_bound":0.005652311291569845},"point_estimate":-0.013286295730813302,"standard_error":0.01799992655786202}}