{"mean":{"confidence_interval":{"confidence_level":0.95,"lower_bound":0.018705573650576332,"upper_bound":0.06639272074446556},"point_estimate":0.03909435906527281,"standard_error":0.011625930704598967},"median":{"confidence_interval":{"confidence_level":0.95,"lower_bound":-0.014235484669465448,"upper_bound":0.018971682729717942},"point_estimate":-0.005287602881277831,"standard_error":0.007166645247839631}}