{"mean":{"confidence_interval":{"confidence_level":0.95,"lower_bound":26473019.896500003,"upper_bound":27650095.24},"point_estimate":27001059.345,"standard_error":301181.386186155},"median":{"confidence_interval":{"confidence_level":0.95,"lower_bound":25576316.5,"upper_bound":26423336.5},"point_estimate":25793778.0,"standard_error":177513.0987977693},"median_abs_dev":{"confidence_interval":{"confidence_level":0.95,"lower_bound":205255.9588059783,"upper_bound":1349082.9504489899},"point_estimate":493224.6875435114,"standard_error":250353.62081490865},"slope":null,"std_dev":{"confidence_interval":{"confidence_level":0.95,"lower_bound":1518944.3833760796,"upper_bound":4294117.505227332},"point_estimate":3024439.6628987994,"standard_error":729545.9610651054}}