{"mean":{"confidence_interval":{"confidence_level":0.95,"lower_bound":113460219.74700001,"upper_bound":114539458.51},"point_estimate":113980658.79,"standard_error":275337.50175797974},"median":{"confidence_interval":{"confidence_level":0.95,"lower_bound":112601133.0,"upper_bound":114177427.0},"point_estimate":113163470.0,"standard_error":414727.70137478475},"median_abs_dev":{"confidence_interval":{"confidence_level":0.95,"lower_bound":1737624.9788834904,"upper_bound":2963629.873985052},"point_estimate":2212066.5888279676,"standard_error":307534.4515950099},"slope":null,"std_dev":{"confidence_interval":{"confidence_level":0.95,"lower_bound":2249599.292074265,"upper_bound":3219798.3505494124},"point_estimate":2762804.6398313,"standard_error":247723.24483535028}}