{"mean":{"confidence_interval":{"confidence_level":0.95,"lower_bound":-0.008112002486273296,"upper_bound":0.024650451695940212},"point_estimate":0.009197929647591474,"standard_error":0.00837368135315142},"median":{"confidence_interval":{"confidence_level":0.95,"lower_bound":0.015227721028321817,"upper_bound":0.03829320735999797},"point_estimate":0.02335962120576096,"standard_error":0.006008274635799951}}