{"mean":{"confidence_interval":{"confidence_level":0.95,"lower_bound":227921396.154,"upper_bound":230251306.3535},"point_estimate":229042278.78,"standard_error":592481.0234792735},"median":{"confidence_interval":{"confidence_level":0.95,"lower_bound":226501988.0,"upper_bound":228874803.0},"point_estimate":227438705.0,"standard_error":535389.3012959425},"median_abs_dev":{"confidence_interval":{"confidence_level":0.95,"lower_bound":3777494.9752360582,"upper_bound":6464012.143738342},"point_estimate":5138603.294071555,"standard_error":666085.140028462},"slope":null,"std_dev":{"confidence_interval":{"confidence_level":0.95,"lower_bound":4751515.981075843,"upper_bound":7091195.679734634},"point_estimate":5943060.2519055605,"standard_error":601565.3639286455}}