{"mean":{"confidence_interval":{"confidence_level":0.95,"lower_bound":-0.05767117759688164,"upper_bound":-0.04326332556239826},"point_estimate":-0.05045227292681864,"standard_error":0.0036514838714282226},"median":{"confidence_interval":{"confidence_level":0.95,"lower_bound":-0.05726660478656631,"upper_bound":-0.051752124238852226},"point_estimate":-0.05480558110885536,"standard_error":0.0015172784592243625}}