{"mean":{"confidence_interval":{"confidence_level":0.95,"lower_bound":-0.14286516573445857,"upper_bound":-0.11015755637168527},"point_estimate":-0.12635785336954874,"standard_error":0.008345826612264216},"median":{"confidence_interval":{"confidence_level":0.95,"lower_bound":-0.16809781293968185,"upper_bound":-0.05430250882742327},"point_estimate":-0.08594290091360712,"standard_error":0.029846462792195477}}