{"mean":{"confidence_interval":{"confidence_level":0.95,"lower_bound":3507476.5745000006,"upper_bound":3585753.3660714286},"point_estimate":3543513.4600000004,"standard_error":20081.822939811533},"median":{"confidence_interval":{"confidence_level":0.95,"lower_bound":3448975.5,"upper_bound":3494860.9285714286},"point_estimate":3471667.4285714286,"standard_error":12422.159796925293},"median_abs_dev":{"confidence_interval":{"confidence_level":0.95,"lower_bound":35327.44512281277,"upper_bound":94962.37891658046},"point_estimate":60927.3929683226,"standard_error":15705.277337963451},"slope":null,"std_dev":{"confidence_interval":{"confidence_level":0.95,"lower_bound":128671.98657107879,"upper_bound":268458.1839449793},"point_estimate":202092.7275230654,"standard_error":36000.39125214066}}