{"mean":{"confidence_interval":{"confidence_level":0.95,"lower_bound":-0.047502573458370896,"upper_bound":-0.028805736994295773},"point_estimate":-0.03710758447310558,"standard_error":0.004811673427582678},"median":{"confidence_interval":{"confidence_level":0.95,"lower_bound":-0.03296107985417018,"upper_bound":-0.02813431744922723},"point_estimate":-0.030125361291792108,"standard_error":0.001168330526251582}}