{"mean":{"confidence_interval":{"confidence_level":0.95,"lower_bound":770.5953389025094,"upper_bound":791.729902707835},"point_estimate":781.2050756409568,"standard_error":5.355942895267862},"median":{"confidence_interval":{"confidence_level":0.95,"lower_bound":758.690984036174,"upper_bound":813.7155027672409},"point_estimate":810.623938533397,"standard_error":15.220094504147992},"median_abs_dev":{"confidence_interval":{"confidence_level":0.95,"lower_bound":16.843019722975953,"upper_bound":76.75046722752015},"point_estimate":33.20800969401098,"standard_error":17.069853351403793},"slope":{"confidence_interval":{"confidence_level":0.95,"lower_bound":778.2256218337047,"upper_bound":804.9714384389503},"point_estimate":791.530414089298,"standard_error":6.814285530587912},"std_dev":{"confidence_interval":{"confidence_level":0.95,"lower_bound":44.95855357375735,"upper_bound":62.639100898043885},"point_estimate":53.62017273437777,"standard_error":4.510425506637737}}