{"mean":{"confidence_interval":{"confidence_level":0.95,"lower_bound":2763.2730051127933,"upper_bound":2986.484225237562},"point_estimate":2873.446028622701,"standard_error":56.729812667594324},"median":{"confidence_interval":{"confidence_level":0.95,"lower_bound":2631.632256644659,"upper_bound":2868.962090981644},"point_estimate":2724.0190658698193,"standard_error":61.96945999556269},"median_abs_dev":{"confidence_interval":{"confidence_level":0.95,"lower_bound":297.27212532704107,"upper_bound":547.8047707633484},"point_estimate":398.39017321205586,"standard_error":67.19014999056844},"slope":{"confidence_interval":{"confidence_level":0.95,"lower_bound":2516.2594647251576,"upper_bound":2687.400946387022},"point_estimate":2601.2702921918976,"standard_error":43.48797884848325},"std_dev":{"confidence_interval":{"confidence_level":0.95,"lower_bound":472.46941787448145,"upper_bound":653.3538878475399},"point_estimate":569.1712014975266,"standard_error":46.07592741696646}}