{"mean":{"confidence_interval":{"confidence_level":0.95,"lower_bound":0.04400753728054549,"upper_bound":0.09269020673262883},"point_estimate":0.06644576371601252,"standard_error":0.01228617004596958},"median":{"confidence_interval":{"confidence_level":0.95,"lower_bound":0.008719990596547156,"upper_bound":0.03910353309542014},"point_estimate":0.029157619937714818,"standard_error":0.007169298058956457}}