{"mean":{"confidence_interval":{"confidence_level":0.95,"lower_bound":-0.2547901400816629,"upper_bound":-0.1453777558124804},"point_estimate":-0.20103992329352205,"standard_error":0.0281313679599725},"median":{"confidence_interval":{"confidence_level":0.95,"lower_bound":-0.4310496203864581,"upper_bound":0.1364985188617025},"point_estimate":-0.3693818120632695,"standard_error":0.15259472441735147}}