{"mean":{"confidence_interval":{"confidence_level":0.95,"lower_bound":0.025298962740350473,"upper_bound":0.08195467365866561},"point_estimate":0.05215387809882244,"standard_error":0.014694835469602529},"median":{"confidence_interval":{"confidence_level":0.95,"lower_bound":-0.017637618070740824,"upper_bound":0.013398395910456395},"point_estimate":-0.004820601108686207,"standard_error":0.010282070792061632}}