{"mean":{"confidence_interval":{"confidence_level":0.95,"lower_bound":0.013158008402675461,"upper_bound":0.02422762709526},"point_estimate":0.018643188263598454,"standard_error":0.0028403189536660538},"median":{"confidence_interval":{"confidence_level":0.95,"lower_bound":0.005966323566960252,"upper_bound":0.02110166824876014},"point_estimate":0.012467262683465652,"standard_error":0.003926558689601798}}